video,n_frames,n_objects,init_s,propagate_s,inference_s,sttm_overhead_s,ms_per_frame,peak_alloc_mb,peak_reserved_mb
bike-packing,69,2,2.469,82.939,85.793,3.024,1202.02,800.5,1182.0
blackswan,50,1,1.609,30.159,31.781,1.059,603.18,799.4,1182.0
bmx-trees,80,2,2.471,97.143,99.638,3.137,1214.29,800.6,1184.0
breakdance,84,1,2.652,61.295,63.958,1.863,729.7,798.8,1184.0
camel,90,1,2.604,67.089,69.71,2.053,745.44,798.0,1184.0
car-roundabout,75,1,2.296,56.043,58.357,1.641,747.24,798.0,1184.0
car-shadow,40,1,1.193,25.919,27.13,0.906,647.97,798.0,1184.0
cows,104,1,3.045,75.698,78.772,2.211,727.87,798.0,1184.0
dance-twirl,90,1,2.719,67.829,70.562,2.078,753.66,798.0,1184.0
dog,60,1,1.632,43.754,45.397,1.301,729.23,798.0,1184.0
dogs-jump,66,3,1.64,119.756,121.435,4.022,1814.48,802.0,1184.0
drift-chicane,52,1,1.491,37.532,39.038,1.098,721.78,799.4,1184.0
drift-straight,50,1,1.267,35.217,36.496,1.045,704.34,798.0,1184.0
goat,90,1,2.652,67.351,70.018,2.05,748.34,798.0,1184.0
gold-fish,78,5,2.229,223.721,226.037,7.542,2868.22,805.1,1184.0
horsejump-high,50,2,1.62,58.237,59.882,1.934,1164.74,802.9,1184.0
india,81,3,2.282,141.318,143.64,3.681,1744.67,802.2,1184.0
judo,34,2,0.9,37.374,38.298,1.313,1099.24,800.4,1184.0
kite-surf,50,3,1.365,82.849,84.279,2.322,1656.99,802.0,1184.0
lab-coat,47,5,1.334,121.229,122.641,4.237,2579.35,805.2,1184.0
libby,49,1,1.47,32.827,34.308,1.025,669.93,802.7,1184.0
loading,50,3,1.488,83.171,84.725,3.586,1663.42,801.4,1184.0
mbike-trick,79,2,2.483,118.519,121.047,4.057,1500.25,800.6,1184.0
motocross-jump,40,2,2.053,56.477,58.578,2.174,1411.94,801.2,1184.0
paragliding-launch,80,3,3.431,194.269,197.793,9.746,2428.36,801.9,1184.0
parkour,100,1,5.425,120.048,125.494,4.515,1200.48,800.1,1184.0
pigs,79,3,4.362,187.834,192.269,7.618,2377.65,801.9,1184.0
scooter-black,43,2,1.897,69.118,71.122,2.634,1607.4,801.2,1184.0
shooting,40,3,2.033,91.37,93.464,4.002,2284.25,803.1,1184.0
soapbox,99,3,4.398,237.339,241.82,8.35,2397.36,802.2,1184.0
