video,n_frames,n_objects,init_s,propagate_s,inference_s,sttm_overhead_s,tcs_overhead_s,ms_per_frame,peak_alloc_mb,peak_reserved_mb
bike-packing,69,2,2.85,85.86,89.058,4.695,2.06,1244.35,1378.2,1684.0
blackswan,50,1,1.932,31.569,33.514,2.087,0.904,631.39,1376.0,1684.0
bmx-trees,80,2,2.457,95.198,97.683,5.956,2.726,1189.98,1378.4,1684.0
breakdance,84,1,2.763,60.036,62.811,3.196,1.391,714.71,1375.9,1780.0
camel,90,1,2.906,64.719,67.649,3.191,1.395,719.1,1375.9,1780.0
car-roundabout,75,1,2.398,54.554,56.965,2.833,1.223,727.39,1375.9,1780.0
car-shadow,40,1,1.172,24.929,26.111,1.499,0.652,623.22,1375.9,1780.0
cows,104,1,3.062,72.861,75.936,3.888,1.702,700.58,1375.9,1780.0
dance-twirl,90,1,2.915,66.967,69.9,3.56,1.556,744.08,1375.9,1780.0
dog,60,1,1.859,45.587,47.459,4.933,1.6,759.79,1375.9,1780.0
dogs-jump,66,3,1.867,106.595,108.499,7.06,3.215,1615.08,1379.4,1780.0
drift-chicane,52,1,1.785,33.62,35.422,2.029,0.934,646.53,1377.4,1780.0
drift-straight,50,1,1.743,38.078,39.834,2.315,0.975,761.57,1376.9,1780.0
goat,90,1,2.805,73.539,76.357,4.026,1.772,817.1,1376.9,1780.0
gold-fish,78,5,2.456,253.091,255.654,16.109,7.3,3244.75,1384.0,1780.0
horsejump-high,50,2,1.713,66.322,68.062,4.48,2.041,1326.44,1380.7,1780.0
india,81,3,2.552,152.143,154.8,7.793,3.503,1878.31,1379.8,1780.0
judo,34,2,1.087,40.322,41.438,2.584,1.171,1185.93,1378.4,1780.0
kite-surf,50,3,1.641,81.433,83.145,5.201,2.294,1628.66,1379.6,1780.0
lab-coat,47,5,1.901,123.093,125.115,10.314,4.772,2619.0,1383.1,1780.0
libby,49,1,1.73,35.5,37.243,1.885,0.852,724.5,1380.5,1780.0
loading,50,3,1.514,85.04,86.59,5.082,2.288,1700.8,1379.4,1780.0
mbike-trick,79,2,2.472,103.106,105.603,5.746,2.57,1305.14,1378.6,1780.0
motocross-jump,40,2,1.152,42.087,43.263,3.199,1.381,1052.18,1379.3,1780.0
paragliding-launch,80,3,2.555,144.161,146.778,8.337,3.757,1802.01,1379.4,1780.0
parkour,100,1,3.232,72.283,75.53,3.646,1.623,722.83,1377.4,1780.0
pigs,79,3,2.394,143.222,145.653,9.41,4.223,1812.93,1379.6,1780.0
scooter-black,43,2,1.468,51.627,53.119,3.143,1.456,1200.64,1378.5,1780.0
shooting,40,3,1.359,65.327,66.724,5.317,2.395,1633.16,1381.8,1780.0
soapbox,99,3,3.198,190.073,193.311,11.61,5.331,1919.93,1379.5,1780.0
