video,exp_id,obj_id,mean_J,mean_F,failure_mode,n_drift_events,drift_onsets,drift_onto_obj,n_reappearance_events,recovery_rate,mean_recovery_delay,n_false_absence_frames
bike-packing,0_2,2,93.05,67.48,poor_mask_quality,0,,,0,,,0
bike-packing,0_1,1,69.05,46.36,poor_mask_quality,0,,,0,,,0
blackswan,0_1,1,95.94,74.48,poor_mask_quality,0,,,0,,,0
bmx-trees,0_2,2,78.55,64.36,ok,0,,,0,,,0
bmx-trees,0_1,1,55.46,53.16,ok,0,,,0,,,0
breakdance,0_1,1,38.54,35.42,ok,0,,,0,,,0
camel,0_1,1,96.47,81.46,poor_mask_quality,0,,,0,,,0
car-roundabout,0_1,1,98.53,80.94,poor_mask_quality,0,,,0,,,0
car-shadow,0_1,1,97.55,79.13,poor_mask_quality,0,,,0,,,0
cows,0_1,1,94.84,75.55,poor_mask_quality,0,,,0,,,0
dance-twirl,0_1,1,92.23,69.44,poor_mask_quality,0,,,0,,,0
dog,0_1,1,96.31,70.53,poor_mask_quality,0,,,0,,,0
dogs-jump,0_3,3,94.16,80.17,ok,0,,,0,,,0
dogs-jump,0_1,1,0.0,0.0,grounding_failure,1,0,2,0,,,65
dogs-jump,0_2,2,94.68,75.4,poor_mask_quality,0,,,0,,,0
drift-chicane,0_1,1,91.84,69.55,poor_mask_quality,0,,,0,,,0
drift-straight,0_1,1,96.04,70.82,poor_mask_quality,0,,,0,,,0
goat,0_1,1,92.69,62.32,poor_mask_quality,0,,,0,,,0
gold-fish,0_1,1,88.68,61.21,poor_mask_quality,0,,,0,,,0
gold-fish,0_2,2,0.0,0.04,grounding_failure,1,0,1,0,,,77
gold-fish,0_3,3,0.0,0.0,grounding_failure,1,0,4,0,,,77
gold-fish,0_4,4,0.0,0.0,grounding_failure,1,0,1,0,,,77
gold-fish,0_5,5,0.0,0.0,grounding_failure,1,0,1,0,,,77
horsejump-high,0_1,1,81.27,63.74,poor_mask_quality,0,,,0,,,0
horsejump-high,0_2,2,16.79,19.5,track_lost_no_distractor,0,,,0,,,0
india,0_1,1,90.83,67.17,poor_mask_quality,0,,,0,,,0
india,0_2,2,17.28,17.31,grounding_failure,4,0;35;46;66,3;3;3;1,1,0.0,,56
india,0_3,3,81.94,59.93,identity_drift,1,55,2,2,1.0,1.0,1
judo,0_2,2,0.07,0.59,grounding_failure,1,0,1,0,,,33
judo,0_1,1,87.04,67.85,poor_mask_quality,0,,,0,,,0
kite-surf,0_1,1,24.69,56.74,track_lost_no_distractor,0,,,0,,,0
kite-surf,0_2,2,48.97,49.47,ok,0,,,3,1.0,3.0,4
kite-surf,0_3,3,71.78,55.68,poor_mask_quality,0,,,0,,,0
lab-coat,0_1,1,3.65,7.1,grounding_failure,0,,,0,,,34
lab-coat,0_2,2,4.47,11.54,grounding_failure,0,,,0,,,32
lab-coat,0_3,3,51.83,41.07,ok,0,,,0,,,0
lab-coat,0_4,4,0.36,0.16,grounding_failure,0,,,0,,,45
lab-coat,0_5,5,0.0,0.0,grounding_failure,1,0,3,0,,,46
libby,0_1,1,91.15,75.68,poor_mask_quality,0,,,0,,,0
loading,0_1,1,0.0,0.0,grounding_failure,1,0,3,0,,,49
loading,0_2,2,52.36,45.76,ok,0,,,0,,,0
loading,0_3,3,95.23,78.96,poor_mask_quality,0,,,0,,,0
mbike-trick,0_1,1,85.53,68.88,poor_mask_quality,0,,,0,,,0
mbike-trick,0_2,2,83.86,55.97,poor_mask_quality,0,,,0,,,0
motocross-jump,0_1,1,27.48,28.75,track_lost_no_distractor,0,,,0,,,5
motocross-jump,0_2,2,84.28,52.53,poor_mask_quality,0,,,0,,,0
paragliding-launch,0_1,1,58.73,34.09,poor_mask_quality,0,,,0,,,0
paragliding-launch,0_2,2,35.39,50.66,ok,0,,,0,,,0
paragliding-launch,0_3,3,0.0,0.02,grounding_failure,0,,,0,,,79
parkour,0_1,1,95.0,76.78,poor_mask_quality,0,,,0,,,0
pigs,0_1,1,0.0,0.0,grounding_failure,1,0,3,0,,,78
pigs,0_2,2,0.01,0.08,grounding_failure,1,0,3,0,,,78
pigs,0_3,3,95.8,71.68,poor_mask_quality,0,,,0,,,0
scooter-black,0_1,1,73.21,58.24,ok,0,,,0,,,0
scooter-black,0_2,2,73.07,53.32,poor_mask_quality,0,,,0,,,0
shooting,0_1,1,72.77,45.19,poor_mask_quality,0,,,0,,,0
shooting,0_2,2,87.55,44.44,poor_mask_quality,0,,,0,,,0
shooting,0_3,3,87.92,73.86,ok,0,,,0,,,0
soapbox,0_1,1,72.21,55.09,poor_mask_quality,0,,,0,,,0
soapbox,0_2,2,21.92,22.31,track_lost_no_distractor,0,,,0,,,0
soapbox,0_3,3,0.07,0.2,grounding_failure,1,0,1,0,,,98
