video,exp_id,frame,trigger,variant,n_candidates,shortlist,choice,choice_value,action,label,gt_visible,current_iou,chosen_iou,vlm_letter,vlm_conf,vlm_latency_s,vlm_cached,vlm_error,reason
bike-packing,0_1,15,coherence_drop,memory_margin,1,current,current,0.7687,keep,correct_none,1,0.6162,,,,,,,
bmx-trees,0_1,14,coherence_drop,memory_margin,2,d0 current,current,0.9605,keep,correct_none,1,0.6596,,,,,,,
bmx-trees,0_2,16,coherence_drop,memory_margin,5,d0 current d1,d0,0.8729,restart,correct_restart,1,0.7553,0.5537,,,,,,
bmx-trees,0_1,24,drift_suspect,memory_margin,2,current d0,current,0.8837,keep,correct_none,1,0.6327,,,,,,,
bmx-trees,0_1,34,coherence_drop,memory_margin,2,current d0,current,0.9664,keep,correct_none,1,0.622,,,,,,,
bmx-trees,0_1,48,coherence_drop,memory_margin,1,current,current,0.901,keep,correct_none,1,0.5713,,,,,,,
bmx-trees,0_2,52,coherence_drop,memory_margin,1,current,current,0.8967,keep,candidate_miss,1,0.4547,,,,,,,
bmx-trees,0_1,58,drift_suspect,memory_margin,4,current d1 d0,current,0.8737,keep,candidate_miss,1,0.4009,,,,,,,
bmx-trees,0_2,63,coherence_drop,memory_margin,5,current d1 d0,current,0.9294,keep,candidate_miss,1,0.4894,,,,,,,
bmx-trees,0_1,68,drift_suspect,memory_margin,1,current,current,0.901,keep,candidate_miss,1,0.3879,,,,,,,
bmx-trees,0_1,78,drift_suspect,memory_margin,1,current,current,0.9131,keep,correct_none,1,0.5467,,,,,,,
breakdance,0_1,12,coherence_drop,memory_margin,3,current d4 d0,current,0.7686,keep,missed,1,0.1304,,,,,,,
dog,0_1,23,coherence_drop,memory_margin,2,current d1,current,0.9013,keep,correct_none,1,0.9627,,,,,,,
dogs-jump,0_1,4,coherence_drop,memory_margin,4,current d3 d2,current,0.9106,keep,missed,1,0.0004,,,,,,,
dogs-jump,0_2,4,coherence_drop,memory_margin,3,current d1 d2,current,0.9106,keep,correct_none,1,0.9529,,,,,,,
dogs-jump,0_3,7,coherence_drop,memory_margin,2,current d1,current,0.8286,keep,correct_none,1,0.8812,,,,,,,
dogs-jump,0_1,15,distractor,memory_margin,5,current d1 d3,current,0.8748,keep,missed,1,0.0,,,,,,,
dogs-jump,0_3,44,coherence_drop,memory_margin,2,current d1,current,0.8879,keep,correct_none,1,0.9195,,,,,,,
dogs-jump,0_1,54,distractor,memory_margin,4,current d1 d2,current,0.8594,keep,candidate_miss,1,0.0,,,,,,,
dogs-jump,0_2,55,coherence_drop,memory_margin,3,current d3 d1,current,0.8378,keep,correct_none,1,0.9369,,,,,,,
dogs-jump,0_1,64,drift_suspect,memory_margin,1,current,current,0.8618,keep,candidate_miss,1,0.0,,,,,,,
dogs-jump,0_2,65,drift_suspect,memory_margin,3,current d4 d3,current,0.8936,keep,correct_none,1,0.9563,,,,,,,
drift-chicane,0_1,1,coherence_drop,memory_margin,2,current d1,current,0.9386,keep,correct_none,1,0.9003,,,,,,,
drift-straight,0_1,28,coherence_drop,memory_margin,2,current d1,current,0.8501,keep,correct_none,1,0.9844,,,,,,,
drift-straight,0_1,40,drift_suspect,memory_margin,2,current d1,current,0.8055,keep,correct_none,1,0.9714,,,,,,,
gold-fish,0_1,67,coherence_drop,memory_margin,5,current d0 d1,current,0.8906,keep,correct_none,1,0.9141,,,,,,,
gold-fish,0_5,67,coherence_drop,memory_margin,5,current d0 d1,current,0.8918,keep,missed,1,0.0,,,,,,,
gold-fish,0_2,68,coherence_drop,memory_margin,5,current d1 d0,current,0.9106,keep,missed,1,0.0,,,,,,,
gold-fish,0_4,68,coherence_drop,memory_margin,4,current d0 d1,current,0.9105,keep,missed,1,0.0,,,,,,,
gold-fish,0_1,77,coherence_drop,memory_margin,4,current d0 d2,current,0.8994,keep,correct_none,1,0.6123,,,,,,,
gold-fish,0_5,77,coherence_drop,memory_margin,4,current d1 d2,current,0.9004,keep,missed,1,0.0,,,,,,,
india,0_3,29,coherence_drop,memory_margin,3,current d1 d4,current,0.8833,keep,correct_none,1,0.8383,,,,,,,
india,0_2,33,coherence_drop,memory_margin,4,d0 current d1,d0,0.8782,restart,correct_restart,1,0.0,0.857,,,,,,
india,0_1,38,coherence_drop,memory_margin,2,d0 current,current,0.7183,keep,correct_none,1,0.7713,,,,,,,
india,0_3,42,coherence_drop,memory_margin,5,d0 current d1,current,0.7935,keep,correct_none,1,0.8634,,,,,,,
india,0_2,45,disappear,memory_margin,1,d0,none,0.4361,keep,missed,1,,,,,,,,
india,0_3,52,absent_poll,memory_margin,4,d3 d4 d0,none,0.467,keep,correct_none,0,,,,,,,,
india,0_2,55,absent_poll,memory_margin,2,d2 d0,d2,0.6432,restart,wrong_restart,0,,0.0,,,,,,
india,0_1,57,coherence_drop,memory_margin,4,current d0 d3,current,0.8348,keep,correct_none,1,0.902,,,,,,,
india,0_3,62,drift_suspect,memory_margin,5,d3 d4 current,current,0.8321,keep,correct_none,1,0.7263,,,,,,,
india,0_1,67,absent_poll,memory_margin,2,d1 d0,none,0.3331,keep,correct_none,0,,,,,,,,
india,0_1,77,absent_poll,memory_margin,1,d0,none,0.2882,keep,correct_none,0,,,,,,,,
judo,0_2,20,coherence_drop,memory_margin,5,current d1 d0,current,0.9185,keep,candidate_miss,1,0.0745,,,,,,,
judo,0_1,20,coherence_drop,memory_margin,4,current d0 d1,current,0.9186,keep,correct_none,1,0.7493,,,,,,,
kite-surf,0_1,1,coherence_drop,memory_margin,4,d0 current d3,current,0.943,keep,candidate_miss,1,0.3261,,,,,,,
kite-surf,0_2,1,coherence_drop,memory_margin,4,d3 current d0,d3,0.9358,restart,weak_restart,1,0.2685,0.1573,,,,,,
kite-surf,0_2,12,coherence_drop,memory_margin,2,current d2,current,0.9181,keep,correct_none,1,0.531,,,,,,,
kite-surf,0_2,26,coherence_drop,memory_margin,4,current d3 d4,current,0.9156,keep,correct_none,1,0.5594,,,,,,,
kite-surf,0_2,36,absent_poll,memory_margin,4,d3 d4 d0,d3,0.7751,restart,wrong_restart,0,,0.0,,,,,,
kite-surf,0_2,46,absent_poll,memory_margin,5,d3 d0 d1,d3,0.7469,restart,wrong_restart,1,,0.0,,,,,,
lab-coat,0_2,1,disappear,memory_margin,3,d2 d4 d0,d2,0.6916,restart,wrong_restart,1,,0.0538,,,,,,
lab-coat,0_1,4,disappear,memory_margin,3,d1 d2 d4,d1,0.9383,restart,weak_restart,1,,0.1171,,,,,,
lab-coat,0_2,15,reappear,memory_margin,5,current d3 d0,current,0.9266,keep,candidate_miss,1,0.0,,,,,,,
lab-coat,0_1,16,coherence_drop,memory_margin,3,current d3 d0,current,0.8963,keep,missed,1,0.0,,,,,,,
lab-coat,0_2,26,coherence_drop,memory_margin,4,current d1 d2,current,0.8773,keep,candidate_miss,1,0.0,,,,,,,
lab-coat,0_1,28,coherence_drop,memory_margin,3,current d1 d0,current,0.8974,keep,missed,1,0.0485,,,,,,,
lab-coat,0_5,30,coherence_drop,memory_margin,5,current d1 d0,current,0.8773,keep,missed,1,0.0,,,,,,,
lab-coat,0_4,32,coherence_drop,memory_margin,5,current d0 d1,current,0.9283,keep,candidate_miss,1,0.0782,,,,,,,
lab-coat,0_3,33,distractor,memory_margin,5,current d0 d2,current,0.9194,keep,missed,1,0.4969,,,,,,,
lab-coat,0_2,38,drift_suspect,memory_margin,5,current d3 d1,current,0.9105,keep,candidate_miss,1,0.0,,,,,,,
lab-coat,0_5,40,drift_suspect,memory_margin,5,current d0 d1,current,0.8751,keep,missed,1,0.0,,,,,,,
libby,0_1,32,coherence_drop,memory_margin,3,current d1 d2,current,0.9243,keep,correct_none,1,0.866,,,,,,,
libby,0_1,43,coherence_drop,memory_margin,2,current d1,current,0.9199,keep,correct_none,1,0.8683,,,,,,,
loading,0_1,34,coherence_drop,memory_margin,3,current d1 d0,current,0.9033,keep,missed,1,0.0,,,,,,,
loading,0_3,34,coherence_drop,memory_margin,5,current d3 d0,current,0.9033,keep,correct_none,1,0.9418,,,,,,,
loading,0_2,40,coherence_drop,memory_margin,6,d4 d1 current,current,0.8208,keep,correct_none,1,0.6116,,,,,,,
loading,0_1,45,drift_suspect,memory_margin,3,current d2 d0,current,0.822,keep,missed,1,0.0001,,,,,,,
loading,0_3,45,drift_suspect,memory_margin,6,current d4 d2,current,0.822,keep,correct_none,1,0.9431,,,,,,,
mbike-trick,0_1,75,coherence_drop,memory_margin,2,current d1,current,0.8852,keep,correct_none,1,0.9135,,,,,,,
motocross-jump,0_2,1,coherence_drop,memory_margin,1,current,current,0.8057,keep,correct_none,1,0.7149,,,,,,,
motocross-jump,0_2,11,drift_suspect,memory_margin,1,current,current,0.8081,keep,correct_none,1,0.8504,,,,,,,
motocross-jump,0_1,16,coherence_drop,memory_margin,4,current d0 d4,current,0.9305,keep,missed,1,0.0913,,,,,,,
motocross-jump,0_2,21,drift_suspect,memory_margin,1,current,current,0.7913,keep,correct_none,1,0.9289,,,,,,,
motocross-jump,0_2,31,drift_suspect,memory_margin,1,current,current,0.7942,keep,correct_none,1,0.9087,,,,,,,
scooter-black,0_1,18,coherence_drop,memory_margin,3,current d1 d3,current,0.758,keep,correct_none,1,0.8361,,,,,,,
shooting,0_3,1,coherence_drop,memory_margin,2,d0 current,d0,0.9345,restart,correct_restart,1,0.6349,0.8238,,,,,,
shooting,0_1,11,coherence_drop,memory_margin,5,current d4 d0,current,0.864,keep,missed,1,0.4834,,,,,,,
shooting,0_1,21,drift_suspect,memory_margin,1,current,current,0.6864,keep,correct_none,1,0.9252,,,,,,,
shooting,0_2,26,coherence_drop,memory_margin,1,current,current,0.8875,keep,correct_none,1,0.9523,,,,,,,
shooting,0_1,31,drift_suspect,memory_margin,1,current,current,0.8574,keep,correct_none,1,0.9233,,,,,,,
