label,kind,video,exp_id,start_frame,end_frame,length,first_visible_frame,iou_at_return,recovered_in_window,latency_frames,eventual_latency_frames,recovered
v4_memory_margin,loss_episode,dogs-jump,0_1,1,64,64,,,,,,False
v4_memory_margin,loss_episode,gold-fish,0_2,1,76,76,,,,,,False
v4_memory_margin,loss_episode,gold-fish,0_3,1,76,76,,,,,,False
v4_memory_margin,loss_episode,gold-fish,0_4,1,76,76,,,,,,False
v4_memory_margin,loss_episode,gold-fish,0_5,1,76,76,,,,,,False
v4_memory_margin,reappearance,india,0_2,52,65,14,66,0.0,False,,,False
v4_memory_margin,loss_episode,india,0_2,1,32,32,,,,32,,True
v4_memory_margin,loss_episode,india,0_2,34,51,18,,,,,,False
v4_memory_margin,loss_episode,india,0_2,66,79,14,,,,,,False
v4_memory_margin,reappearance,india,0_3,46,54,9,55,0.0,True,2,2,True
v4_memory_margin,loss_episode,judo,0_2,1,32,32,,,,,,False
v4_memory_margin,reappearance,kite-surf,0_2,16,20,5,21,0.5623,True,0,0,True
v4_memory_margin,reappearance,kite-surf,0_2,31,36,6,37,0.0,False,,,False
v4_memory_margin,loss_episode,kite-surf,0_2,37,42,6,,,,10,,True
v4_memory_margin,loss_episode,lab-coat,0_1,6,13,8,,,,,,False
v4_memory_margin,loss_episode,lab-coat,0_1,23,45,23,,,,,,False
v4_memory_margin,loss_episode,lab-coat,0_2,1,12,12,,,,12,,True
v4_memory_margin,loss_episode,lab-coat,0_2,15,45,31,,,,,,False
v4_memory_margin,loss_episode,lab-coat,0_4,1,45,45,,,,,,False
v4_memory_margin,loss_episode,lab-coat,0_5,1,45,45,,,,,,False
v4_memory_margin,loss_episode,loading,0_1,1,48,48,,,,,,False
v4_memory_margin,loss_episode,motocross-jump,0_1,16,20,5,,,,,,False
v4_memory_margin,loss_episode,paragliding-launch,0_3,1,78,78,,,,,,False
v4_memory_margin,loss_episode,pigs,0_1,1,77,77,,,,,,False
v4_memory_margin,loss_episode,pigs,0_2,1,77,77,,,,,,False
v4_memory_margin,loss_episode,soapbox,0_3,1,97,97,,,,,,False
