video,exp_id,expression,frames,searches,restarts,correct_restart,wrong_restart,weak_restart,missed,correct_none,candidate_miss,skipped_uncached,skipped_guard_episode,skipped_guard_expression,vlm_calls,vlm_cached,vlm_wait_s
bike-packing,0_1,a black bike,69,1,0,0,0,0,0,1,0,0,0,0,0,0,0.0
bmx-trees,0_2,a boy wearing a white tshirt,80,3,1,1,0,0,0,0,2,0,0,0,0,0,0.0
bmx-trees,0_1,a red bmx bike,80,6,1,1,0,0,0,4,1,0,0,0,0,0,0.0
breakdance,0_1,a man in a red sweatshirt performing breakdance,84,1,0,0,0,0,1,0,0,0,0,0,0,0,0.0
dog,0_1,a golden retriever walking in the grass,60,1,0,0,0,0,0,1,0,0,0,0,0,0,0.0
dogs-jump,0_3,a woman in a yellow jacket,66,2,0,0,0,0,0,2,0,0,0,0,0,0,0.0
dogs-jump,0_1,a white dog with black patches,66,4,0,0,0,0,2,0,2,0,0,0,0,0,0.0
dogs-jump,0_2,a white dog with gray patches,66,3,0,0,0,0,0,3,0,0,0,0,0,0,0.0
drift-chicane,0_1,a red and white car,52,1,0,0,0,0,0,1,0,0,0,0,0,0,0.0
drift-straight,0_1,a drift car on a straight road,50,2,0,0,0,0,0,2,0,0,0,0,0,0,0.0
gold-fish,0_1,a largest orange goldfish,78,2,0,0,0,0,0,2,0,0,0,0,0,0,0.0
gold-fish,0_2,an orange goldfish in the center next to the largest fish,78,1,0,0,0,0,1,0,0,0,0,0,0,0,0.0
gold-fish,0_4,a goldfish at the end,78,1,0,0,0,0,1,0,0,0,0,0,0,0,0.0
gold-fish,0_5,a goldfish at the bottom,78,2,0,0,0,0,2,0,0,0,0,0,0,0,0.0
india,0_1,a woman in a yellow salwar suit,81,4,1,0,1,0,0,3,0,0,0,0,0,0,0.0
india,0_2,a woman in a red sari in the middle,81,3,2,1,1,0,1,0,0,0,0,0,0,0,0.0
india,0_3,a lady in a black salwar on the right,81,4,2,0,2,0,0,2,0,0,0,0,0,0,0.0
judo,0_2,a bald man with a black belt in the center,34,1,0,0,0,0,0,0,1,0,0,0,0,0,0.0
judo,0_1,a man with a blue belt on the right,34,1,0,0,0,0,0,1,0,0,0,0,0,0,0.0
kite-surf,0_1,a power kite with blue handles,50,1,1,0,0,1,0,0,0,0,0,0,0,0,0.0
kite-surf,0_2,a surf-board,50,5,3,0,2,1,0,2,0,0,0,0,0,0,0.0
lab-coat,0_1,a white cell phone in a left hand,47,3,1,0,0,1,2,0,0,0,0,0,0,0,0.0
lab-coat,0_2,a pink cell phone in a girl's hand,47,4,1,0,1,0,0,0,3,0,0,0,0,0,0.0
lab-coat,0_3,a girl on the right with blonde hair,47,1,0,0,0,0,1,0,0,0,0,0,0,0,0.0
lab-coat,0_4,a girl in the middle wearing a lab-coat and a black shirt,47,1,0,0,0,0,0,0,1,0,0,0,0,0,0.0
lab-coat,0_5,a girl on the left holding 2 cell phones,47,2,0,0,0,0,2,0,0,0,0,0,0,0,0.0
libby,0_1,a dog running in the garden,49,2,0,0,0,0,0,2,0,0,0,0,0,0,0.0
loading,0_1,a fat man on the right in a black jacket,50,2,0,0,0,0,2,0,0,0,0,0,0,0,0.0
loading,0_2,a cardboard box held by a man,50,1,1,1,0,0,0,0,0,0,0,0,0,0,0.0
loading,0_3,a man on the left with a beard wearing jeans,50,2,0,0,0,0,0,2,0,0,0,0,0,0,0.0
mbike-trick,0_1,a biker man in a white tshirt,79,1,0,0,0,0,0,1,0,0,0,0,0,0,0.0
motocross-jump,0_1,a man riding a motorbike,40,1,0,0,0,0,1,0,0,0,0,0,0,0,0.0
motocross-jump,0_2,a green motorbike,40,4,0,0,0,0,0,4,0,0,0,0,0,0,0.0
scooter-black,0_1,a man in a suit riding a scooter,43,1,0,0,0,0,0,1,0,0,0,0,0,0,0.0
shooting,0_1,a black shooting gun,40,3,0,0,0,0,1,2,0,0,0,0,0,0,0.0
shooting,0_2,a black man,40,1,0,0,0,0,0,1,0,0,0,0,0,0,0.0
shooting,0_3,a rope,40,1,1,1,0,0,0,0,0,0,0,0,0,0,0.0
