video,n_frames,n_objects,n_live,init_s,propagate_s,inference_s,search_s,vlm_wait_s,ms_per_frame,peak_alloc_mb,peak_reserved_mb
bike-packing,69,2,1,2.356,81.963,84.71,0.024,0.0,1187.87,1378.2,1682.0
bmx-trees,80,2,2,2.312,104.331,106.742,0.458,0.0,1304.13,1387.4,1780.0
breakdance,84,1,1,2.546,57.663,60.281,0.066,0.0,686.47,1375.0,1780.0
dog,60,1,1,1.644,40.46,42.14,0.04,0.0,674.34,1375.0,1780.0
dogs-jump,66,3,3,1.705,110.598,112.464,0.495,0.0,1675.73,1379.3,1780.0
drift-chicane,52,1,1,1.551,34.315,35.912,0.033,0.0,659.9,1376.0,1780.0
drift-straight,50,1,1,1.434,32.508,33.976,0.12,0.0,650.16,1375.4,1780.0
gold-fish,78,5,4,2.249,209.06,211.536,0.607,0.0,2680.25,1383.4,1780.0
india,81,3,3,2.05,153.238,155.418,0.636,0.0,1891.83,1400.8,1782.0
judo,34,2,2,1.12,41.03,42.212,0.142,0.0,1206.76,1378.4,1782.0
kite-surf,50,3,2,1.239,92.116,93.452,0.478,0.0,1842.31,1395.3,1782.0
lab-coat,47,5,5,1.414,128.556,130.137,0.785,0.0,2735.23,1391.2,1782.0
libby,49,1,1,1.721,32.891,34.659,0.169,0.0,671.24,1376.0,1782.0
loading,50,3,3,1.327,83.828,85.257,0.356,0.0,1676.56,1384.0,1782.0
mbike-trick,79,2,1,2.195,94.209,96.469,0.034,0.0,1192.52,1378.4,1782.0
motocross-jump,40,2,2,1.096,43.197,44.389,0.18,0.0,1079.92,1378.4,1782.0
scooter-black,43,2,1,1.31,48.735,50.094,0.05,0.0,1133.37,1378.4,1782.0
shooting,40,3,3,1.129,67.016,68.295,0.333,0.0,1675.41,1384.6,1782.0
