video,exp_id,frame,event,kind,c,verdict,confidence,reason,latency_s,cached,gt_present,gt_iou,correct
bike-packing,0_1,15,coherence_drop,identity,0.6956,match,1.0,oracle,0.0,False,True,0.6162,True
bmx-trees,0_2,16,coherence_drop,identity,0.6364,match,1.0,oracle,0.0,False,True,0.7553,True
bmx-trees,0_2,52,coherence_drop,identity,0.7439,no_match,1.0,oracle,0.0,False,True,0.4547,True
bmx-trees,0_2,63,coherence_drop,identity,0.7944,no_match,1.0,oracle,0.0,False,True,0.4894,True
bmx-trees,0_1,14,coherence_drop,identity,0.7806,match,1.0,oracle,0.0,False,True,0.6596,True
bmx-trees,0_1,24,drift_suspect,identity,0.6568,match,1.0,oracle,0.0,False,True,0.6327,True
bmx-trees,0_1,34,coherence_drop,identity,0.7738,match,1.0,oracle,0.0,False,True,0.622,True
bmx-trees,0_1,48,coherence_drop,identity,0.8092,match,1.0,oracle,0.0,False,True,0.5713,True
bmx-trees,0_1,58,drift_suspect,identity,0.6066,no_match,1.0,oracle,0.0,False,True,0.4009,True
bmx-trees,0_1,68,drift_suspect,identity,0.6573,no_match,1.0,oracle,0.0,False,True,0.3879,True
bmx-trees,0_1,78,drift_suspect,identity,0.7595,match,1.0,oracle,0.0,False,True,0.5467,True
breakdance,0_1,12,coherence_drop,identity,0.6915,no_match,1.0,oracle,0.0,False,True,0.1304,True
dog,0_1,23,coherence_drop,identity,0.7863,match,1.0,oracle,0.0,False,True,0.9627,True
dogs-jump,0_3,7,coherence_drop,identity,0.7311,match,1.0,oracle,0.0,False,True,0.8812,True
dogs-jump,0_3,44,coherence_drop,identity,0.7893,match,1.0,oracle,0.0,False,True,0.9195,True
dogs-jump,0_1,4,coherence_drop,identity,0.7787,no_match,1.0,oracle,0.0,False,True,0.0004,True
dogs-jump,0_1,15,distractor,identity,0.8346,no_match,1.0,oracle,0.0,False,True,0.0,True
dogs-jump,0_1,54,distractor,identity,0.8214,no_match,1.0,oracle,0.0,False,True,0.0,True
dogs-jump,0_1,64,drift_suspect,identity,0.7521,no_match,1.0,oracle,0.0,False,True,0.0,True
dogs-jump,0_2,4,coherence_drop,identity,0.7813,match,1.0,oracle,0.0,False,True,0.9529,True
dogs-jump,0_2,55,coherence_drop,identity,0.7324,match,1.0,oracle,0.0,False,True,0.9369,True
dogs-jump,0_2,65,drift_suspect,identity,0.7924,match,1.0,oracle,0.0,False,True,0.9563,True
drift-chicane,0_1,1,coherence_drop,identity,0.7246,match,1.0,oracle,0.0,False,True,0.9003,True
drift-straight,0_1,28,coherence_drop,identity,0.8086,match,1.0,oracle,0.0,False,True,0.9844,True
drift-straight,0_1,40,drift_suspect,identity,0.7856,match,1.0,oracle,0.0,False,True,0.9714,True
gold-fish,0_1,67,coherence_drop,identity,0.8042,match,1.0,oracle,0.0,False,True,0.9141,True
gold-fish,0_1,77,coherence_drop,identity,0.7956,match,1.0,oracle,0.0,False,True,0.6123,True
gold-fish,0_2,68,coherence_drop,identity,0.7945,no_match,1.0,oracle,0.0,False,True,0.0,True
gold-fish,0_4,68,coherence_drop,identity,0.8043,no_match,1.0,oracle,0.0,False,True,0.0,True
gold-fish,0_5,67,coherence_drop,identity,0.8078,no_match,1.0,oracle,0.0,False,True,0.0,True
gold-fish,0_5,77,coherence_drop,identity,0.7974,no_match,1.0,oracle,0.0,False,True,0.0,True
india,0_1,38,coherence_drop,identity,0.6813,match,1.0,oracle,0.0,False,True,0.7713,True
india,0_1,57,coherence_drop,identity,0.787,match,1.0,oracle,0.0,False,True,0.902,True
india,0_2,33,coherence_drop,identity,0.726,no_match,1.0,oracle,0.0,False,True,0.0,True
india,0_2,45,disappear,presence,0.0,match,1.0,oracle,0.0,False,True,0.0,True
india,0_2,57,reappear,identity,0.4504,no_match,1.0,oracle,0.0,False,False,0.0,True
india,0_3,29,coherence_drop,identity,0.7907,match,1.0,oracle,0.0,False,True,0.8383,True
india,0_3,42,coherence_drop,identity,0.7814,match,1.0,oracle,0.0,False,True,0.8634,True
india,0_3,57,reappear,identity,0.4579,match,1.0,oracle,0.0,False,True,0.7348,True
judo,0_2,20,coherence_drop,identity,0.8015,no_match,1.0,oracle,0.0,False,True,0.0745,True
judo,0_1,20,coherence_drop,identity,0.7978,match,1.0,oracle,0.0,False,True,0.7493,True
kite-surf,0_1,1,coherence_drop,identity,0.7812,no_match,1.0,oracle,0.0,False,True,0.3261,True
kite-surf,0_2,1,coherence_drop,identity,0.7091,no_match,1.0,oracle,0.0,False,True,0.2685,True
kite-surf,0_2,13,disappear,presence,0.0,match,1.0,oracle,0.0,False,True,0.4163,True
kite-surf,0_2,24,coherence_drop,identity,0.7933,match,1.0,oracle,0.0,False,True,0.604,True
kite-surf,0_2,47,reappear,identity,0.8085,match,1.0,oracle,0.0,False,True,0.5464,True
lab-coat,0_1,4,disappear,presence,0.0,match,1.0,oracle,0.0,False,True,0.1139,True
lab-coat,0_1,18,coherence_drop,identity,0.7792,no_match,1.0,oracle,0.0,False,True,0.1797,True
lab-coat,0_1,31,coherence_drop,identity,0.7997,no_match,1.0,oracle,0.0,False,True,0.0327,True
lab-coat,0_2,1,disappear,presence,0.0,match,1.0,oracle,0.0,False,True,0.1154,True
lab-coat,0_2,15,reappear,identity,0.851,no_match,1.0,oracle,0.0,False,True,0.0,True
lab-coat,0_2,28,coherence_drop,identity,0.7342,no_match,1.0,oracle,0.0,False,True,0.0,True
lab-coat,0_2,38,drift_suspect,identity,0.7063,no_match,1.0,oracle,0.0,False,True,0.0,True
lab-coat,0_3,33,distractor,identity,0.9009,no_match,1.0,oracle,0.0,False,True,0.4969,True
lab-coat,0_4,32,coherence_drop,identity,0.8066,no_match,1.0,oracle,0.0,False,True,0.0782,True
lab-coat,0_5,30,coherence_drop,identity,0.7845,no_match,1.0,oracle,0.0,False,True,0.0,True
lab-coat,0_5,40,drift_suspect,identity,0.7662,no_match,1.0,oracle,0.0,False,True,0.0,True
libby,0_1,32,coherence_drop,identity,0.7816,match,1.0,oracle,0.0,False,True,0.866,True
libby,0_1,43,coherence_drop,identity,0.7492,match,1.0,oracle,0.0,False,True,0.8683,True
loading,0_1,34,coherence_drop,identity,0.8029,no_match,1.0,oracle,0.0,False,True,0.0,True
loading,0_1,45,drift_suspect,identity,0.5987,no_match,1.0,oracle,0.0,False,True,0.0001,True
loading,0_2,40,coherence_drop,identity,0.4299,match,1.0,oracle,0.0,False,True,0.6116,True
loading,0_3,34,coherence_drop,identity,0.7985,match,1.0,oracle,0.0,False,True,0.9418,True
loading,0_3,45,drift_suspect,identity,0.5926,match,1.0,oracle,0.0,False,True,0.9431,True
mbike-trick,0_1,75,coherence_drop,identity,0.7512,match,1.0,oracle,0.0,False,True,0.9135,True
motocross-jump,0_1,16,coherence_drop,identity,0.8037,no_match,1.0,oracle,0.0,False,True,0.0913,True
motocross-jump,0_2,1,coherence_drop,identity,0.8037,match,1.0,oracle,0.0,False,True,0.7149,True
motocross-jump,0_2,11,drift_suspect,identity,0.7009,match,1.0,oracle,0.0,False,True,0.8504,True
motocross-jump,0_2,21,drift_suspect,identity,0.5832,match,1.0,oracle,0.0,False,True,0.9289,True
motocross-jump,0_2,31,drift_suspect,identity,0.6395,match,1.0,oracle,0.0,False,True,0.9087,True
scooter-black,0_1,18,coherence_drop,identity,0.721,match,1.0,oracle,0.0,False,True,0.8361,True
shooting,0_1,11,coherence_drop,identity,0.7637,no_match,1.0,oracle,0.0,False,True,0.4834,True
shooting,0_1,21,drift_suspect,identity,0.5503,match,1.0,oracle,0.0,False,True,0.9252,True
shooting,0_1,31,drift_suspect,identity,0.7215,match,1.0,oracle,0.0,False,True,0.9233,True
shooting,0_2,26,coherence_drop,identity,0.7669,match,1.0,oracle,0.0,False,True,0.9523,True
shooting,0_3,1,coherence_drop,identity,0.5711,match,1.0,oracle,0.0,False,True,0.6349,True
