video,n_frames,n_objects,init_s,propagate_s,inference_s,ms_per_frame,peak_alloc_mb,peak_reserved_mb
bike-packing,69,2,2.431,71.471,74.429,1035.81,715.6,1088.0
blackswan,50,1,1.828,30.279,32.118,605.59,714.5,1088.0
bmx-trees,80,2,2.839,83.915,86.778,1048.94,714.7,1088.0
breakdance,84,1,2.549,51.941,54.502,618.34,713.7,1088.0
camel,90,1,2.851,55.83,58.694,620.34,713.5,1088.0
car-roundabout,75,1,2.388,46.028,48.428,613.7,713.5,1088.0
car-shadow,40,1,1.193,23.754,24.963,593.85,713.5,1088.0
cows,104,1,3.024,65.716,68.754,631.89,713.6,1088.0
dance-twirl,90,1,4.123,55.63,59.768,618.11,713.5,1088.0
dog,60,1,1.744,36.584,38.35,609.73,713.5,1088.0
dogs-jump,66,3,2.022,96.048,98.113,1455.27,717.0,1088.0
drift-chicane,52,1,1.493,31.472,32.978,605.23,714.5,1088.0
drift-straight,50,1,1.435,30.282,31.743,605.63,712.2,1088.0
goat,90,1,2.735,55.749,58.508,619.43,712.2,1088.0
gold-fish,78,5,3.134,180.595,183.823,2315.32,720.8,1088.0
horsejump-high,50,2,1.606,50.7,52.362,1014.0,717.7,1088.0
india,81,3,2.551,119.137,121.738,1470.82,716.4,1088.0
judo,34,2,1.06,33.568,34.665,987.3,715.6,1088.0
kite-surf,50,3,1.42,71.509,72.967,1430.18,716.4,1088.0
lab-coat,47,5,1.3,105.537,106.907,2245.47,720.6,1088.0
libby,49,1,1.361,29.471,30.844,601.45,718.0,1088.0
loading,50,3,1.375,71.391,72.805,1427.83,716.6,1088.0
mbike-trick,79,2,2.599,82.112,84.738,1039.4,715.6,1088.0
motocross-jump,40,2,1.133,39.934,41.092,998.35,715.4,1088.0
paragliding-launch,80,3,2.383,117.639,120.07,1470.49,715.9,1088.0
parkour,100,1,2.872,61.856,64.74,618.56,714.5,1088.0
pigs,79,3,2.366,115.737,118.141,1465.03,717.2,1088.0
scooter-black,43,2,1.21,43.259,44.493,1006.03,715.6,1088.0
shooting,40,3,1.189,57.114,58.357,1427.85,717.3,1088.0
soapbox,99,3,2.946,146.801,149.809,1482.84,716.6,1088.0
