video,exp_id,expression,frames,candidates,calls,suppressed,reappear,disappear,coherence_drop,distractor,drift_suspect,keepalive,periodic,blanked_frames,false_absence_flags
bike-packing,0_2,a man wearing a cap,68,0,0,0,0,0,0,0,0,0,0,0,0
bike-packing,0_1,a black bike,68,2,1,1,0,0,1,0,0,0,0,0,0
blackswan,0_1,a black swan,49,0,0,0,0,0,0,0,0,0,0,0,0
bmx-trees,0_2,a boy wearing a white tshirt,79,10,3,7,0,0,3,0,0,0,0,0,0
bmx-trees,0_1,a red bmx bike,79,42,7,35,0,0,3,0,4,0,0,0,0
breakdance,0_1,a man in a red sweatshirt performing breakdance,83,2,1,1,0,0,1,0,0,0,0,40,0
camel,0_1,a brown camel in the front,89,0,0,0,0,0,0,0,0,0,0,0,0
car-roundabout,0_1,a black car,74,0,0,0,0,0,0,0,0,0,0,0,0
car-shadow,0_1,a silver car,39,0,0,0,0,0,0,0,0,0,0,0,0
cows,0_1,a cow with a bell around its neck,103,0,0,0,0,0,0,0,0,0,0,0,0
dance-twirl,0_1,a girl with blonde hair dressed in blue,89,0,0,0,0,0,0,0,0,0,0,0,0
dog,0_1,a golden retriever walking in the grass,59,1,1,0,0,0,1,0,0,0,0,0,0
dogs-jump,0_3,a woman in a yellow jacket,65,6,2,4,0,0,2,0,0,0,0,0,0
dogs-jump,0_1,a white dog with black patches,65,14,4,10,0,0,1,2,1,0,0,2,0
dogs-jump,0_2,a white dog with gray patches,65,11,3,8,0,0,2,0,1,0,0,0,0
drift-chicane,0_1,a red and white car,51,4,1,3,0,0,1,0,0,0,0,0,0
drift-straight,0_1,a drift car on a straight road,49,5,2,3,0,0,1,0,1,0,0,0,0
goat,0_1,a goat walking on rocks,89,0,0,0,0,0,0,0,0,0,0,0,0
gold-fish,0_1,a largest orange goldfish,77,4,2,2,0,0,2,0,0,0,0,10,0
gold-fish,0_2,an orange goldfish in the center next to the largest fish,77,3,1,2,0,0,1,0,0,0,0,10,0
gold-fish,0_3,a smallest goldfish,77,0,0,0,0,0,0,0,0,0,0,0,0
gold-fish,0_4,a goldfish at the end,77,3,1,2,0,0,1,0,0,0,0,10,0
gold-fish,0_5,a goldfish at the bottom,77,4,2,2,0,0,2,0,0,0,0,11,0
horsejump-high,0_1,a horse doing high jumps,49,0,0,0,0,0,0,0,0,0,0,0,0
horsejump-high,0_2,a woman riding a horse,49,0,0,0,0,0,0,0,0,0,0,0,0
india,0_1,a woman in a yellow salwar suit,80,8,2,6,0,0,2,0,0,0,0,0,0
india,0_2,a woman in a red sari in the middle,80,10,3,7,1,1,1,0,0,0,0,19,1
india,0_3,a lady in a black salwar on the right,80,12,3,9,1,0,2,0,0,0,0,0,0
judo,0_2,a bald man with a black belt in the center,33,1,1,0,0,0,1,0,0,0,0,0,0
judo,0_1,a man with a blue belt on the right,33,1,1,0,0,0,1,0,0,0,0,0,0
kite-surf,0_1,a power kite with blue handles,49,1,1,0,0,0,1,0,0,0,0,0,0
kite-surf,0_2,a surf-board,49,12,4,8,1,1,2,0,0,0,0,0,1
kite-surf,0_3,a man wearing a black vest,49,0,0,0,0,0,0,0,0,0,0,0,0
lab-coat,0_1,a white cell phone in a left hand,46,5,3,2,0,1,2,0,0,0,0,29,0
lab-coat,0_2,a pink cell phone in a girl's hand,46,17,4,13,1,1,1,0,1,0,0,9,0
lab-coat,0_3,a girl on the right with blonde hair,46,3,1,2,0,0,0,1,0,0,0,0,0
lab-coat,0_4,a girl in the middle wearing a lab-coat and a black shirt,46,1,1,0,0,0,1,0,0,0,0,0,0
lab-coat,0_5,a girl on the left holding 2 cell phones,46,11,2,9,0,0,1,0,1,0,0,0,0
libby,0_1,a dog running in the garden,48,3,2,1,0,0,2,0,0,0,0,0,0
loading,0_1,a fat man on the right in a black jacket,49,7,2,5,0,0,1,0,1,0,0,0,0
loading,0_2,a cardboard box held by a man,49,7,1,6,0,0,1,0,0,0,0,0,0
loading,0_3,a man on the left with a beard wearing jeans,49,7,2,5,0,0,1,0,1,0,0,0,0
mbike-trick,0_1,a biker man in a white tshirt,78,1,1,0,0,0,1,0,0,0,0,0,0
mbike-trick,0_2,a black stunt bike,78,0,0,0,0,0,0,0,0,0,0,0,0
motocross-jump,0_1,a man riding a motorbike,39,5,1,4,0,0,1,0,0,0,0,0,0
motocross-jump,0_2,a green motorbike,39,35,4,31,0,0,1,0,3,0,0,0,0
paragliding-launch,0_1,a black harness with an airbag,79,0,0,0,0,0,0,0,0,0,0,0,0
paragliding-launch,0_2,a man launching a paraglider,79,0,0,0,0,0,0,0,0,0,0,0,0
paragliding-launch,0_3,wing risers with cascade,79,0,0,0,0,0,0,0,0,0,0,0,0
parkour,0_1,a man jumping across fences,99,0,0,0,0,0,0,0,0,0,0,0,0
pigs,0_1,a brown and white colored piglet,78,0,0,0,0,0,0,0,0,0,0,0,0
pigs,0_2,a brown piglet in the middle,78,0,0,0,0,0,0,0,0,0,0,0,0
pigs,0_3,an adult pig on the right,78,0,0,0,0,0,0,0,0,0,0,0,0
scooter-black,0_1,a man in a suit riding a scooter,42,1,1,0,0,0,1,0,0,0,0,0,0
scooter-black,0_2,a black scooter ridden by a man,42,0,0,0,0,0,0,0,0,0,0,0,0
shooting,0_1,a black shooting gun,39,24,3,21,0,0,1,0,2,0,0,0,0
shooting,0_2,a black man,39,1,1,0,0,0,1,0,0,0,0,0,0
shooting,0_3,a rope,39,4,1,3,0,0,1,0,0,0,0,0,0
soapbox,0_1,a blue wooden car,98,0,0,0,0,0,0,0,0,0,0,0,0
soapbox,0_2,a man in a white helmet driving a wooden car,98,0,0,0,0,0,0,0,0,0,0,0,0
soapbox,0_3,a man wearing a white shirt on a wooden car without a helmet,98,0,0,0,0,0,0,0,0,0,0,0,0
