video,tier_role,video_stress,n_expr,cost_frames_x_objs,events,occ_frac_max
kite-surf,smoke,14.07,3,150,3,0.32
india,smoke,11.06,3,243,3,0.15
lab-coat,smoke,7.45,5,235,0,0.40
motocross-jump,stress,5.91,2,80,0,0.53
drift-straight,stress,5.51,1,50,0,0.58
dogs-jump,stress,3.80,3,198,0,0.33
scooter-black,stress,3.73,2,86,0,0.47
loading,stress,3.04,3,150,0,0.34
gold-fish,stress,0.52,5,390,0,0.05
pigs,-,0.36,3,237,0,0.14
bmx-trees,-,-0.45,2,160,0,0.15
soapbox,-,-0.53,3,297,0,0.07
shooting,-,-1.00,3,120,0,0.00
judo,smoke,-1.39,2,68,0,0.12
paragliding-launch,-,-1.93,3,240,0,0.00
mbike-trick,-,-2.31,2,158,0,0.00
drift-chicane,-,-2.67,1,52,0,0.08
horsejump-high,-,-3.14,2,100,0,0.00
bike-packing,-,-3.35,2,138,0,0.00
libby,smoke,-3.58,1,49,0,0.04
dog,-,-3.77,1,60,0,0.00
parkour,-,-3.90,1,100,0,0.00
breakdance,-,-4.09,1,84,0,0.00
goat,-,-4.39,1,90,0,0.00
dance-twirl,-,-4.47,1,90,0,0.00
car-shadow,-,-4.64,1,40,0,0.00
camel,easy,-4.93,1,90,0,0.00
car-roundabout,smoke,-5.00,1,75,0,0.00
cows,easy,-5.12,1,104,0,0.00
blackswan,easy,-5.25,1,50,0,0.00
